{
  "target": "contracted_days",
  "target_note": "Real contracted execution period (durationInDays) from OCDS; duration agreed at signing, not actual completion time.",
  "data_source": "Open Contracting / DIGIWHIST Bulgaria (opentender.eu), CC BY-NC-SA 4.0",
  "categorical_cols": [
    "cpv4",
    "method",
    "buyer_type",
    "season",
    "postal_region"
  ],
  "numeric_cols": [
    "value_log",
    "num_offers",
    "month"
  ],
  "num_samples": 12605,
  "train_mae": 85.32950173460837,
  "train_r2": 0.5865275839443584,
  "test_mae": 91.52326298327448,
  "test_rmse": 159.25096519080475,
  "test_r2": 0.5112221779643613,
  "baseline_mae": 131.62982875617917,
  "mae_improvement_pct": 30.469207589105785,
  "cv_mae_mean": 94.73339817723505,
  "cv_mae_std": 3.9118028812327643,
  "trained_at": "2026-06-19T22:08:53.739895+00:00"
}